Year,Month,ReturnPct
1871,2,7.21
1871,3,8.22
1871,4,8.46
1871,5,8.02
1871,6,4.53
1871,7,3.53
1871,8,6.77
1871,9,6.47
1871,10,0.21
1871,11,6.75
1871,12,7.76
1872,1,8.02
1872,2,5.97
1872,3,8.81
1872,4,8.13
1872,5,5.41
1872,6,4.44
1872,7,4.87
1872,8,4.51
1872,9,3.97
1872,10,6.26
1872,11,5.63
1872,12,8.48
1873,1,6.71
1873,2,6.85
1873,3,5.24
1873,4,4.7
1873,5,6.35
1873,6,4.95
1873,7,6.22
1873,8,6.44
1873,9,-1.21
1873,10,-1.53
1873,11,4.3
1873,12,17.57
1874,1,12.9
1874,2,10.09
1874,3,5.42
1874,4,4.23
1874,5,4.57
1874,6,6.92
1874,7,7.4
1874,8,7.62
1874,9,8.95
1874,10,7.05
1874,11,8.17
1874,12,6.56
1875,1,7.27
1875,2,7.05
1875,3,8.39
1875,4,8.28
1875,5,3.01
1875,6,5.15
1875,7,7.31
1875,8,7.52
1875,9,6.12
1875,10,5.49
1875,11,8.6
1875,12,6.86
1876,1,8.92
1876,2,8.07
1876,3,6.42
1876,4,2.88
1876,5,3.23
1876,6,6.46
1876,7,6.02
1876,8,3.17
1876,9,1.53
1876,10,7.59
1876,11,6.27
1876,12,7.78
1877,1,7.26
1877,2,1.97
1877,3,2.99
1877,4,0.95
1877,5,8.5
1877,6,1.36
1877,7,13.19
1877,8,15.09
1877,9,13.44
1877,10,8.64
1877,11,4.53
1877,12,5.52
1878,1,5.85
1878,2,3.69
1878,3,7.86
1878,4,8.64
1878,5,6.01
1878,6,7.78
1878,7,7.33
1878,8,4.31
1878,9,7.25
1878,10,3.98
1878,11,4.89
1878,12,4.61
1879,1,8.99
1879,2,8.66
1879,3,3.5
1879,4,8.49
1879,5,9.55
1879,6,5.33
1879,7,6.82
1879,8,5.45
1879,9,8.6
1879,10,15.64
1879,11,9.62
1879,12,3.85
1880,1,8.13
1880,2,5.87
1880,3,6.15
1880,4,1.89
1880,5,-3.47
1880,6,5.24
1880,7,9.6
1880,8,8.38
1880,9,4.62
1880,10,7.72
1880,11,10.13
1880,12,8.73
1881,1,10.62
1881,2,4.04
1881,3,5.67
1881,4,4.17
1881,5,9.16
1881,6,5.69
1881,7,1.06
1881,8,2.36
1881,9,5.81
1881,10,3.36
1881,11,5.85
1881,12,2.26
1882,1,3.83
1882,2,3.21
1882,3,5.35
1882,4,5.54
1882,5,4.33
1882,6,5.08
1882,7,11.27
1882,8,8.33
1882,9,6.15
1882,10,2.4
1882,11,0.99
1882,12,6.02
1883,1,4.97
1883,2,3.27
1883,3,6.87
1883,4,7.65
1883,5,3.75
1883,6,6.59
1883,7,4.12
1883,8,1.22
1883,9,7.13
1883,10,3.25
1883,11,7.62
1883,12,3.85
1884,1,3.18
1884,2,9.07
1884,3,5.83
1884,4,1.51
1884,5,-1.78
1884,6,2.8
1884,7,7.17
1884,8,13.45
1884,9,3.59
1884,10,3.49
1884,11,4.95
1884,12,6.9
1885,1,4.61
1885,2,10.14
1885,3,6.86
1885,4,6.39
1885,5,5.26
1885,6,6.02
1885,7,10.0
1885,8,11.43
1885,9,4.25
1885,10,11.18
1885,11,11.59
1885,12,3.82
1886,1,4.62
1886,2,6.54
1886,3,2.45
1886,4,3.08
1886,5,2.54
1886,6,9.16
1886,7,5.9
1886,8,5.07
1886,9,6.89
1886,10,6.53
1886,11,6.37
1886,12,1.21
1887,1,2.84
1887,2,3.41
1887,3,6.5
1887,4,6.35
1887,5,5.69
1887,6,1.19
1887,7,1.75
1887,8,1.79
1887,9,3.12
1887,10,1.3
1887,11,6.73
1887,12,4.15
1888,1,5.5
1888,2,4.14
1888,3,0.95
1888,4,5.12
1888,5,6.08
1888,6,1.55
1888,7,7.39
1888,8,6.81
1888,9,7.05
1888,10,3.72
1888,11,2.24
1888,12,2.48
1889,1,6.42
1889,2,5.53
1889,3,2.26
1889,4,4.24
1889,5,7.14
1889,6,6.02
1889,7,2.03
1889,8,5.47
1889,9,6.52
1889,10,2.18
1889,11,3.15
1889,12,3.55
1890,1,5.26
1890,2,2.97
1890,3,3.38
1890,4,6.25
1890,5,8.35
1890,6,3.2
1890,7,3.23
1890,8,1.62
1890,9,2.4
1890,10,-0.38
1890,11,-2.95
1890,12,2.34
1891,1,10.0
1891,2,5.79
1891,3,2.65
1891,4,7.9
1891,5,4.02
1891,6,2.42
1891,7,2.89
1891,8,7.97
1891,9,12.58
1891,10,4.13
1891,11,2.63
1891,12,7.24
1892,1,5.91
1892,2,4.17
1892,3,5.25
1892,4,3.94
1892,5,4.13
1892,6,3.59
1892,7,4.15
1892,8,5.6
1892,9,1.78
1892,10,6.39
1892,11,3.94
1892,12,3.23
1893,1,6.17
1893,2,2.5
1893,3,0.73
1893,4,4.52
1893,5,-4.33
1893,6,0.41
1893,7,-3.9
1893,8,3.59
1893,9,13.24
1893,10,8.7
1893,11,7.11
1893,12,1.97
1894,1,3.63
1894,2,6.94
1894,3,8.45
1894,4,6.65
1894,5,1.31
1894,6,3.86
1894,7,3.23
1894,8,8.94
1894,9,6.58
1894,10,1.79
1894,11,4.84
1894,12,3.92
1895,1,3.72
1895,2,3.53
1895,3,5.01
1895,4,9.07
1895,5,10.07
1895,6,6.29
1895,7,4.68
1895,8,5.72
1895,9,4.8
1895,10,2.49
1895,11,0.63
1895,12,-1.74
1896,1,3.24
1896,2,8.67
1896,3,2.7
1896,4,5.25
1896,5,3.85
1896,6,2.5
1896,7,-2.31
1896,8,-1.24
1896,9,9.97
1896,10,6.73
1896,11,11.22
1896,12,0.46
1897,1,4.27
1897,2,3.32
1897,3,4.55
1897,4,1.19
1897,5,4.93
1897,6,9.07
1897,7,8.67
1897,8,10.54
1897,9,8.63
1897,10,0.4
1897,11,0.21
1897,12,6.02
1898,1,6.53
1898,2,3.48
1898,3,-0.62
1898,4,2.37
1898,5,10.72
1898,6,7.8
1898,7,4.15
1898,8,7.48
1898,9,3.61
1898,10,1.71
1898,11,7.18
1898,12,9.96
1899,1,11.15
1899,2,7.07
1899,3,4.6
1899,4,4.37
1899,5,-1.08
1899,6,1.13
1899,7,6.92
1899,8,5.89
1899,9,2.17
1899,10,2.83
1899,11,5.21
1899,12,-3.56
1900,1,4.98
1900,2,5.57
1900,3,4.51
1900,4,5.11
1900,5,-0.79
1900,6,1.32
1900,7,4.44
1900,8,5.97
1900,9,2.36
1900,10,8.62
1900,11,12.65
1900,12,10.65
1901,1,7.28
1901,2,6.79
1901,3,7.86
1901,4,12.52
1901,5,-1.23
1901,6,13.97
1901,7,-3.06
1901,8,5.3
1901,9,3.48
1901,10,2.88
1901,11,6.19
1901,12,2.35
1902,1,6.16
1902,2,4.8
1902,3,4.03
1902,4,7.32
1902,5,3.54
1902,6,3.31
1902,7,6.18
1902,8,6.51
1902,9,3.96
1902,10,0.56
1902,11,0.0
1902,12,1.7
1903,1,9.19
1903,2,3.31
1903,3,0.12
1903,4,0.12
1903,5,2.45
1903,6,-1.05
1903,7,0.14
1903,8,1.75
1903,9,2.87
1903,10,2.16
1903,11,5.91
1903,12,10.19
1904,1,7.0
1904,2,2.4
1904,3,4.92
1904,4,7.72
1904,5,2.86
1904,6,5.23
1904,7,9.22
1904,8,8.11
1904,9,8.99
1904,10,10.25
1904,11,9.42
1904,12,4.77
1905,1,5.94
1905,2,8.07
1905,3,6.48
1905,4,2.32
1905,5,-1.34
1905,6,4.94
1905,7,6.86
1905,8,7.33
1905,9,3.91
1905,10,4.98
1905,11,2.99
1905,12,6.02
1906,1,7.02
1906,2,2.74
1906,3,1.12
1906,4,2.3
1906,5,1.17
1906,6,5.34
1906,7,1.4
1906,8,11.59
1906,9,6.99
1906,10,0.9
1906,11,6.06
1906,12,3.12
1907,1,1.22
1907,2,1.15
1907,3,-5.4
1907,4,5.39
1907,5,1.55
1907,6,1.98
1907,7,9.18
1907,8,-2.21
1907,9,4.65
1907,10,-5.1
1907,11,0.75
1907,12,12.16
1908,1,10.96
1908,2,2.63
1908,3,10.61
1908,4,11.64
1908,5,11.19
1908,6,5.64
1908,7,9.16
1908,8,9.47
1908,9,3.87
1908,10,6.24
1908,11,11.61
1908,12,6.8
1909,1,4.76
1909,2,1.66
1909,3,6.02
1909,4,9.08
1909,5,7.83
1909,6,6.13
1909,7,5.71
1909,8,6.74
1909,9,4.32
1909,10,4.61
1909,11,3.81
1909,12,5.5
1910,1,2.14
1910,2,0.89
1910,3,7.1
1910,4,2.11
1910,5,2.98
1910,6,0.0
1910,7,0.0
1910,8,7.75
1910,9,5.88
1910,10,9.88
1910,11,4.94
1910,12,2.26
1911,1,7.62
1911,2,6.8
1911,3,3.82
1911,4,4.61
1911,5,7.22
1911,6,6.96
1911,7,4.45
1911,8,0.1
1911,9,-0.33
1911,10,6.0
1911,11,9.4
1911,12,5.62
1912,1,5.27
1912,2,4.28
1912,3,8.08
1912,4,8.17
1912,5,4.8
1912,6,5.01
1912,7,5.11
1912,8,7.3
1912,9,5.4
1912,10,4.67
1912,11,3.76
1912,12,1.34
1913,1,4.26
1913,2,1.61
1913,3,3.46
1913,4,5.34
1913,5,2.73
1913,6,0.58
1913,7,7.27
1913,8,8.51
1913,9,6.63
1913,10,2.46
1913,11,3.27
1913,12,5.84
1914,1,10.07
1914,2,6.93
1914,3,3.66
1914,4,3.12
1914,5,6.28
1914,6,5.02
1914,7,-0.0
1914,8,5.73
1914,9,5.73
1914,10,5.6
1914,11,5.6
1914,12,1.17
1915,1,7.48
1915,2,4.28
1915,3,8.27
1915,4,13.08
1915,5,2.83
1915,6,6.54
1915,7,4.98
1915,8,9.61
1915,9,8.86
1915,10,10.51
1915,11,8.21
1915,12,4.76
1916,1,3.06
1916,2,3.43
1916,3,4.67
1916,4,4.03
1916,5,7.5
1916,6,6.36
1916,7,4.06
1916,8,6.39
1916,9,9.78
1916,10,8.68
1916,11,7.82
1916,12,1.47
1917,1,3.47
1917,2,0.42
1917,3,9.63
1917,4,4.94
1917,5,3.27
1917,6,9.14
1917,7,4.31
1917,8,4.44
1917,9,2.93
1917,10,2.83
1917,11,0.52
1917,12,6.39
1918,1,16.03
1918,2,12.34
1918,3,6.86
1918,4,7.97
1918,5,12.07
1918,6,8.6
1918,7,9.13
1918,8,9.05
1918,9,7.39
1918,10,12.07
1918,11,9.92
1918,12,5.09
1919,1,6.58
1919,2,7.52
1919,3,10.15
1919,4,10.22
1919,5,13.47
1919,6,8.81
1919,7,9.23
1919,8,-1.05
1919,9,7.67
1919,10,11.1
1919,11,2.64
1919,12,2.83
1920,1,4.93
1920,2,-2.27
1920,3,13.58
1920,4,5.19
1920,5,-0.23
1920,6,4.71
1920,7,6.44
1920,8,2.65
1920,9,10.39
1920,10,6.61
1920,11,1.4
1920,12,-2.14
1921,1,11.89
1921,2,6.33
1921,3,4.53
1921,4,7.56
1921,5,10.13
1921,6,-1.12
1921,7,7.02
1921,8,6.13
1921,9,9.77
1921,10,8.47
1921,11,12.24
1921,12,10.06
1922,1,6.16
1922,2,8.63
1922,3,10.05
1922,4,12.27
1922,5,9.74
1922,6,4.81
1922,7,6.51
1922,8,9.52
1922,9,8.27
1922,10,7.73
1922,11,0.54
1922,12,5.57
1923,1,7.18
1923,2,10.0
1923,3,7.22
1923,4,2.01
1923,5,0.99
1923,6,2.19
1923,7,2.88
1923,8,6.95
1923,9,7.16
1923,10,5.03
1923,11,9.59
1923,12,9.79
1924,1,9.47
1924,2,6.46
1924,3,4.17
1924,4,3.91
1924,5,6.0
1924,6,8.26
1924,7,10.89
1924,8,9.41
1924,9,4.93
1924,10,4.65
1924,11,11.61
1924,12,11.1
1925,1,9.55
1925,2,6.14
1925,3,2.62
1925,4,4.43
1925,5,8.75
1925,6,7.26
1925,7,8.15
1925,8,6.58
1925,9,7.56
1925,10,8.43
1925,11,8.16
1925,12,6.53
1926,1,6.42
1926,2,5.06
1926,3,-1.89
1926,4,2.54
1926,5,6.27
1926,6,10.38
1926,7,9.58
1926,8,9.19
1926,9,6.63
1926,10,2.85
1926,11,6.53
1926,12,7.51
1927,1,4.52
1927,2,7.16
1927,3,6.73
1927,4,7.64
1927,5,8.52
1927,6,6.26
1927,7,7.19
1927,8,10.18
1927,9,10.36
1927,10,2.95
1927,11,6.83
1927,12,6.86
1928,1,4.87
1928,2,3.25
1928,3,9.93
1928,4,10.68
1928,5,7.22
1928,6,-0.85
1928,7,5.05
1928,8,7.52
1928,9,11.22
1928,10,6.0
1928,11,10.65
1928,12,4.08
1929,1,11.1
1929,2,4.02
1929,3,5.28
1929,4,2.91
1929,5,5.06
1929,6,5.46
1929,7,12.43
1929,8,8.95
1929,9,7.11
1929,10,-7.54
1929,11,-23.04
1929,12,8.7
1930,1,5.98
1930,2,10.73
1930,3,7.98
1930,4,10.4
1930,5,-2.16
1930,6,-6.02
1930,7,2.42
1930,8,3.37
1930,9,4.67
1930,10,-9.05
1930,11,-1.79
1930,12,-0.78
1931,1,9.28
1931,2,13.58
1931,3,7.38
1931,4,-4.22
1931,5,-3.91
1931,6,3.07
1931,7,9.73
1931,8,3.07
1931,9,-8.71
1931,10,-6.17
1931,11,9.46
1931,12,-10.88
1932,1,7.7
1932,2,8.43
1932,3,9.36
1932,4,-15.38
1932,5,-1.27
1932,6,-1.45
1932,7,18.24
1932,8,62.48
1932,9,17.4
1932,10,-7.14
1932,11,6.46
1932,12,3.83
1933,1,11.29
1933,2,-4.94
1933,3,7.52
1933,4,18.3
1933,5,35.7
1933,6,22.44
1933,7,12.61
1933,8,-0.89
1933,9,3.47
1933,10,-5.48
1933,11,7.12
1933,12,6.44
1934,1,10.13
1934,2,11.57
1934,3,-1.24
1934,4,5.77
1934,5,-6.14
1934,6,5.91
1934,7,-0.2
1934,8,0.84
1934,9,2.53
1934,10,5.86
1934,11,7.82
1934,12,5.54
1935,1,4.86
1935,2,1.84
1935,3,-1.34
1935,4,12.84
1935,5,12.72
1935,6,8.31
1935,7,9.58
1935,8,10.89
1935,9,5.98
1935,10,6.55
1935,11,13.26
1935,12,3.6
1936,1,9.2
1936,2,9.3
1936,3,5.57
1936,4,3.63
1936,5,-1.75
1936,6,8.16
1936,7,9.8
1936,8,5.78
1936,9,4.98
1936,10,9.28
1936,11,6.81
1936,12,2.42
1937,1,7.39
1937,2,7.16
1937,3,4.03
1937,4,-1.66
1937,5,0.29
1937,6,1.42
1937,7,11.19
1937,8,5.79
1937,9,-9.56
1937,10,-9.12
1937,11,-2.36
1937,12,5.54
1938,1,9.8
1938,2,4.6
1938,3,0.45
1938,4,3.39
1938,5,8.49
1938,6,9.72
1938,7,26.84
1938,8,6.21
1938,9,0.81
1938,10,16.34
1938,11,4.36
1938,12,0.99
1939,1,2.52
1939,2,3.36
1939,3,4.11
1939,4,-8.39
1939,5,8.59
1939,6,6.5
1939,7,7.17
1939,8,3.25
1939,9,15.51
1939,10,5.56
1939,11,2.87
1939,12,2.53
1940,1,4.45
1940,2,4.47
1940,3,4.58
1940,4,6.26
1940,5,-8.56
1940,6,-2.46
1940,7,10.13
1940,8,8.71
1940,9,10.78
1940,10,7.24
1940,11,8.57
1940,12,2.0
1941,1,6.55
1941,2,0.19
1941,3,7.48
1941,4,3.72
1941,5,4.98
1941,6,10.82
1941,7,12.19
1941,8,6.34
1941,9,7.15
1941,10,2.83
1941,11,2.54
1941,12,1.07
1942,1,9.93
1942,2,4.7
1942,3,2.54
1942,4,4.16
1942,5,9.69
1942,6,13.37
1942,7,11.52
1942,8,6.71
1942,9,8.27
1942,10,14.4
1942,11,8.05
1942,12,6.76
1943,1,12.18
1943,2,11.79
1943,3,9.07
1943,4,8.67
1943,5,9.09
1943,6,6.73
1943,7,6.94
1943,8,-0.08
1943,9,7.24
1943,10,4.09
1943,11,0.51
1943,12,6.71
1944,1,8.54
1944,2,4.56
1944,3,8.07
1944,4,3.39
1944,5,7.06
1944,6,9.92
1944,7,7.58
1944,8,3.46
1944,9,3.36
1944,10,7.54
1944,11,4.26
1944,12,7.18
1945,1,7.86
1945,2,8.15
1945,3,4.59
1945,4,7.18
1945,5,8.33
1945,6,6.21
1945,7,2.25
1945,8,4.8
1945,9,11.26
1945,10,8.33
1945,11,7.27
1945,12,5.58
1946,1,7.85
1946,2,4.0
1946,3,0.77
1946,4,10.33
1946,5,3.86
1946,6,2.99
1946,7,0.81
1946,8,1.88
1946,9,-10.85
1946,10,2.39
1946,11,4.34
1946,12,7.83
1947,1,5.22
1947,2,8.61
1947,3,0.51
1947,4,1.12
1947,5,3.36
1947,6,8.79
1947,7,11.46
1947,8,2.98
1947,9,2.52
1947,10,7.97
1947,11,4.14
1947,12,3.93
1948,1,4.26
1948,2,0.81
1948,3,7.45
1948,4,13.64
1948,5,10.39
1948,6,9.41
1948,7,2.73
1948,8,2.31
1948,9,4.33
1948,10,8.38
1948,11,0.06
1948,12,5.43
1949,1,7.37
1949,2,2.41
1949,3,7.58
1949,4,6.51
1949,5,6.04
1949,6,1.42
1949,7,13.03
1949,8,10.57
1949,9,8.11
1949,10,9.49
1949,11,8.37
1949,12,9.75
1950,1,9.01
1950,2,8.83
1950,3,7.61
1950,4,9.63
1950,5,10.03
1950,6,8.13
1950,7,-0.64
1950,8,13.46
1950,9,10.74
1950,10,11.37
1950,11,6.95
1950,12,7.01
1951,1,14.94
1951,2,10.8
1951,3,5.23
1951,4,8.41
1951,5,7.12
1951,6,5.38
1951,7,8.96
1951,8,11.35
1951,9,9.22
1951,10,5.79
1951,11,3.42
1951,12,9.29
1952,1,9.35
1952,2,4.05
1952,3,6.23
1952,4,5.71
1952,5,6.02
1952,6,8.85
1952,7,8.82
1952,8,6.18
1952,9,4.17
1952,10,3.71
1952,11,9.03
1952,12,9.67
1953,1,5.95
1953,2,4.16
1953,3,5.96
1953,4,0.5
1953,5,6.27
1953,6,2.13
1953,7,7.35
1953,8,6.26
1953,9,1.23
1953,10,9.15
1953,11,8.22
1953,12,7.27
1954,1,8.42
1954,2,7.93
1954,3,7.76
1954,4,9.48
1954,5,9.27
1954,6,5.85
1954,7,9.08
1954,8,6.84
1954,9,7.13
1954,10,7.06
1954,11,8.64
1954,12,9.18
1955,1,6.23
1955,2,7.7
1955,3,3.45
1955,4,7.73
1955,5,3.73
1955,6,9.97
1955,7,11.31
1955,8,3.14
1955,9,8.32
1955,10,-1.35
1955,11,10.62
1955,12,4.58
1956,1,0.99
1956,2,4.48
1956,3,10.78
1956,4,4.86
1956,5,0.56
1956,6,3.29
1956,7,9.34
1956,8,3.16
1956,9,0.39
1956,10,2.58
1956,11,2.79
1956,12,5.29
1957,1,1.57
1957,2,-0.51
1957,3,5.27
1957,4,6.25
1957,5,7.68
1957,6,5.34
1957,7,5.68
1957,8,-1.9
1957,9,-0.22
1957,10,-2.21
1957,11,2.16
1957,12,4.39
1958,1,6.37
1958,2,4.67
1958,3,6.35
1958,4,4.73
1958,5,7.32
1958,6,6.36
1958,7,6.61
1958,8,7.5
1958,9,6.27
1958,10,7.62
1958,11,6.46
1958,12,5.22
1959,1,7.27
1959,2,1.64
1959,3,5.77
1959,4,4.84
1959,5,4.62
1959,6,2.23
1959,7,7.1
1959,8,2.44
1959,9,-0.91
1959,10,3.1
1959,11,3.6
1959,12,6.4
1960,1,1.42
1960,2,-0.6
1960,3,2.12
1960,4,4.82
1960,5,2.58
1960,6,7.23
1960,7,0.93
1960,8,4.69
1960,9,0.44
1960,10,1.59
1960,11,6.87
1960,12,5.91
1961,1,8.57
1961,2,7.35
1961,3,6.26
1961,4,5.69
1961,5,3.96
1961,6,1.59
1961,7,2.7
1961,8,6.57
1961,9,2.11
1961,10,4.04
1961,11,7.47
1961,12,3.77
1962,1,-0.89
1962,2,4.6
1962,3,3.0
1962,4,-0.27
1962,5,-4.42
1962,6,-8.41
1962,7,6.13
1962,8,6.35
1962,9,2.67
1962,10,0.47
1962,11,10.65
1962,12,7.88
1963,1,7.28
1963,2,4.61
1963,3,2.88
1963,4,8.01
1963,5,5.18
1963,6,3.09
1963,7,1.65
1963,8,5.96
1963,9,5.75
1963,10,3.31
1963,11,2.53
1963,12,5.27
1964,1,6.18
1964,2,4.25
1964,3,4.83
1964,4,4.43
1964,5,3.93
1964,6,2.35
1964,7,6.7
1964,8,1.44
1964,9,4.7
1964,10,4.68
1964,11,3.62
1964,12,1.19
1965,1,5.57
1965,2,3.67
1965,3,3.03
1965,4,4.27
1965,5,4.43
1965,6,-1.83
1965,7,2.94
1965,8,4.97
1965,9,6.42
1965,10,5.25
1965,11,3.79
1965,12,2.5
1966,1,4.72
1966,2,2.28
1966,3,-1.11
1966,4,6.21
1966,5,-2.19
1966,6,2.43
1966,7,3.06
1966,8,-2.7
1966,9,0.06
1966,10,2.83
1966,11,8.74
1966,12,3.96
1967,1,7.38
1967,2,6.87
1967,3,5.68
1967,4,4.97
1967,5,4.98
1967,6,1.88
1967,7,4.91
1967,8,4.72
1967,9,4.49
1967,10,2.89
1967,11,-0.08
1967,12,6.0
1968,1,2.8
1968,2,-1.42
1968,3,1.42
1968,4,10.71
1968,5,5.41
1968,6,5.74
1968,7,2.79
1968,8,0.83
1968,9,6.34
1968,10,5.47
1968,11,4.49
1968,12,3.96
1969,1,-1.33
1969,2,2.54
1969,3,0.89
1969,4,5.15
1969,5,6.34
1969,6,-2.23
1969,7,-1.3
1969,8,2.76
1969,9,3.7
1969,10,4.4
1969,11,4.03
1969,12,-2.02
1970,1,2.59
1970,2,0.02
1970,3,5.35
1970,4,0.53
1970,5,-7.81
1970,6,3.56
1970,7,4.38
1970,8,7.12
1970,9,10.07
1970,10,6.01
1970,11,3.64
1970,12,10.57
1971,1,7.3
1971,2,7.21
1971,3,5.77
1971,4,6.54
1971,5,1.65
1971,6,1.2
1971,7,2.39
1971,8,1.34
1971,9,5.4
1971,10,0.98
1971,11,-1.47
1971,12,10.2
1972,1,7.26
1972,2,4.81
1972,3,5.29
1972,4,3.87
1972,5,1.81
1972,6,3.13
1972,7,2.1
1972,8,6.42
1972,9,1.33
1972,10,3.02
1972,11,7.87
1972,12,4.82
1973,1,3.46
1973,2,-0.88
1973,3,1.2
1973,4,0.97
1973,5,0.09
1973,6,0.76
1973,7,4.05
1973,8,1.18
1973,9,4.88
1973,10,7.11
1973,11,-4.06
1973,12,-3.76
1974,1,4.99
1974,2,0.79
1974,3,7.95
1974,4,-1.56
1974,5,0.75
1974,6,4.04
1974,7,-7.74
1974,8,0.35
1974,9,-5.68
1974,10,7.21
1974,11,8.5
1974,12,-1.49
1975,1,13.58
1975,2,15.42
1975,3,9.18
1975,4,5.51
1975,5,10.72
1975,6,6.67
1975,7,4.11
1975,8,-3.32
1975,9,3.12
1975,10,8.98
1975,11,5.86
1975,12,2.56
1976,1,13.35
1976,2,7.67
1976,3,4.17
1976,4,4.46
1976,5,2.98
1976,6,4.31
1976,7,6.08
1976,8,2.8
1976,9,5.86
1976,10,0.3
1976,11,3.22
1976,12,7.46
1977,1,3.06
1977,2,1.29
1977,3,3.75
1977,4,2.68
1977,5,4.05
1977,6,4.95
1977,7,5.36
1977,8,2.0
1977,9,3.05
1977,10,2.15
1977,11,5.49
1977,12,4.47
1978,1,1.22
1978,2,3.87
1978,3,5.21
1978,4,9.83
1978,5,10.32
1978,6,5.3
1978,7,4.59
1978,8,12.03
1978,9,4.83
1978,10,1.67
1978,11,-0.83
1978,12,6.83
1979,1,9.06
1979,2,3.69
1979,3,7.2
1979,4,7.24
1979,5,2.86
1979,6,7.33
1979,7,6.29
1979,8,9.88
1979,9,6.25
1979,10,1.34
1979,11,4.59
1979,12,9.4
1980,1,8.16
1980,2,9.15
1980,3,-4.16
1980,4,3.96
1980,5,10.28
1980,6,11.92
1980,7,9.76
1980,8,8.12
1980,9,7.34
1980,10,7.75
1980,11,8.93
1980,12,2.92
1981,1,4.27
1981,2,1.23
1981,3,8.63
1981,4,5.65
1981,5,2.72
1981,6,5.31
1981,7,2.44
1981,8,5.41
1981,9,-3.69
1981,10,6.81
1981,11,8.09
1981,12,6.13
1982,1,0.13
1982,2,3.32
1982,3,2.64
1982,4,11.06
1982,5,5.92
1982,6,0.09
1982,7,5.94
1982,8,6.53
1982,9,17.82
1982,10,14.02
1982,11,9.24
1982,12,5.92
1983,1,8.45
1983,2,6.51
1983,3,8.18
1983,4,8.37
1983,5,8.45
1983,6,5.63
1983,7,4.54
1983,8,1.43
1983,9,7.27
1983,10,4.5
1983,11,2.72
1983,12,3.81
1984,1,5.55
1984,2,-1.17
1984,3,4.63
1984,4,4.71
1984,5,3.98
1984,6,2.43
1984,7,3.48
1984,8,13.67
1984,9,5.52
1984,10,3.69
1984,11,5.45
1984,12,3.45
1985,1,8.92
1985,2,9.86
1985,3,3.41
1985,4,4.96
1985,5,6.65
1985,6,6.35
1985,7,6.02
1985,8,1.88
1985,9,1.93
1985,10,5.41
1985,11,10.3
1985,12,8.96
1986,1,4.26
1986,2,9.21
1986,3,9.54
1986,4,5.92
1986,5,3.6
1986,6,6.25
1986,7,1.24
1986,8,5.41
1986,9,0.62
1986,10,3.08
1986,11,6.72
1986,12,4.81
1987,1,9.73
1987,2,9.35
1987,3,7.1
1987,4,1.78
1987,5,2.86
1987,6,7.2
1987,7,5.73
1987,8,9.0
1987,9,-0.62
1987,10,-9.35
1987,11,-9.44
1987,12,1.96
1988,1,7.62
1988,2,6.59
1988,3,6.41
1988,4,2.24
1988,5,1.01
1988,6,9.3
1988,7,2.85
1988,8,1.48
1988,9,5.22
1988,10,7.07
1988,11,1.17
1988,12,5.63
1989,1,6.77
1989,2,6.48
1989,3,2.96
1989,4,6.73
1989,5,7.21
1989,6,6.43
1989,7,5.75
1989,8,7.61
1989,9,3.3
1989,10,3.14
1989,11,1.07
1989,12,5.72
1990,1,0.72
1990,2,0.5
1990,3,5.85
1990,4,3.3
1990,5,6.98
1990,6,6.22
1990,7,3.15
1990,8,-4.86
1990,9,-1.06
1990,10,1.15
1990,11,6.57
1990,12,8.1
1991,1,2.69
1991,2,15.02
1991,3,6.11
1991,4,5.25
1991,5,2.75
1991,6,3.29
1991,7,3.74
1991,8,5.63
1991,9,2.59
1991,10,3.08
1991,11,2.91
1991,12,3.83
1992,1,10.25
1992,2,2.11
1992,3,1.73
1992,4,3.04
1992,5,4.84
1992,6,1.39
1992,7,4.68
1992,8,3.67
1992,9,3.1
1992,10,1.53
1992,11,5.51
1992,12,5.96
1993,1,2.75
1993,2,4.35
1993,3,4.74
1993,4,1.2
1993,5,3.31
1993,6,3.44
1993,7,2.62
1993,8,4.33
1993,9,3.88
1993,10,3.75
1993,11,2.49
1993,12,3.38
1994,1,4.22
1994,2,2.38
1994,3,1.05
1994,4,-0.83
1994,5,3.68
1994,6,3.72
1994,7,2.08
1994,8,5.7
1994,9,3.37
1994,10,2.11
1994,11,2.22
1994,12,1.59
1995,1,5.11
1995,2,6.42
1995,3,5.06
1995,4,5.68
1995,5,5.75
1995,6,5.52
1995,7,5.83
1995,8,2.74
1995,9,5.95
1995,10,3.08
1995,11,4.52
1995,12,5.51
1996,1,2.24
1996,2,7.99
1996,3,1.79
1996,4,2.2
1996,5,4.37
1996,6,3.26
1996,7,-1.5
1996,8,5.15
1996,9,4.05
1996,10,6.12
1996,11,6.99
1996,12,3.06
1997,1,5.1
1997,2,6.16
1997,3,1.11
1997,4,-1.66
1997,5,11.03
1997,6,7.01
1997,7,7.33
1997,8,1.86
1997,9,2.71
1997,10,3.15
1997,11,0.34
1997,12,4.15
1998,1,1.72
1998,2,7.89
1998,3,6.71
1998,4,4.75
1998,5,1.09
1998,6,1.44
1998,7,5.79
1998,8,-5.7
1998,9,-3.52
1998,10,2.74
1998,11,12.41
1998,12,5.4
1999,1,6.3
1999,2,1.14
1999,3,4.13
1999,4,5.43
1999,5,1.03
1999,6,0.52
1999,7,5.67
1999,8,-2.67
1999,9,0.55
1999,10,-0.11
1999,11,8.28
1999,12,3.91
2000,1,0.95
2000,2,-1.4
2000,3,5.05
2000,4,2.49
2000,5,-1.79
2000,6,4.24
2000,7,1.89
2000,8,1.96
2000,9,-0.07
2000,10,-4.2
2000,11,0.3
2000,12,-2.24
2001,1,1.57
2001,2,-1.03
2001,3,-7.96
2001,4,1.68
2001,5,8.09
2001,6,-1.26
2001,7,-1.5
2001,8,-0.85
2001,9,-10.02
2001,10,4.57
2001,11,6.39
2001,12,2.74
2002,1,0.96
2002,2,-2.09
2002,3,6.26
2002,4,-2.26
2002,5,-1.51
2002,6,-4.56
2002,7,-9.32
2002,8,2.75
2002,9,-3.17
2002,10,0.31
2002,11,8.34
2002,12,0.58
2003,1,1.42
2003,2,-4.76
2003,3,3.08
2003,4,7.04
2003,5,6.98
2003,6,7.29
2003,7,2.11
2003,8,1.35
2003,9,4.7
2003,10,3.55
2003,11,2.72
2003,12,4.58
2004,1,6.43
2004,2,2.53
2004,3,-0.12
2004,4,2.45
2004,5,-1.07
2004,6,4.41
2004,7,-0.72
2004,8,0.19
2004,9,4.4
2004,10,1.68
2004,11,6.36
2004,12,4.25
2005,1,0.16
2005,2,3.23
2005,3,1.29
2005,4,-0.84
2005,5,2.97
2005,6,3.81
2005,7,3.42
2005,8,1.91
2005,9,1.89
2005,10,-1.0
2005,11,5.65
2005,12,3.79
2006,1,3.1
2006,2,1.6
2006,3,3.12
2006,4,2.43
2006,5,0.85
2006,6,-1.04
2006,7,2.45
2006,8,4.03
2006,9,4.25
2006,10,5.31
2006,11,3.66
2006,12,3.79
2007,1,2.32
2007,2,3.23
2007,3,-0.86
2007,4,5.86
2007,5,5.02
2007,6,1.93
2007,7,2.18
2007,8,-2.59
2007,9,4.78
2007,10,4.66
2007,11,-3.17
2007,12,2.98
2008,1,-4.9
2008,2,0.31
2008,3,-0.71
2008,4,6.22
2008,5,4.47
2008,6,-2.37
2008,7,-4.11
2008,8,4.21
2008,9,-2.78
2008,10,-18.03
2008,11,-5.91
2008,12,2.59
2009,1,1.83
2009,2,-3.78
2009,3,-2.59
2009,4,15.55
2009,5,9.48
2009,6,5.46
2009,7,3.75
2009,8,10.51
2009,9,5.82
2009,10,4.45
2009,11,4.06
2009,12,4.11
2010,1,3.19
2010,2,-1.1
2010,3,7.78
2010,4,5.83
2010,5,-4.2
2010,6,-1.75
2010,7,1.72
2010,8,2.75
2010,9,5.26
2010,10,6.41
2010,11,4.26
2010,12,5.45
2011,1,5.16
2011,2,4.81
2011,3,0.51
2011,4,3.89
2011,5,2.32
2011,6,-1.99
2011,7,4.86
2011,8,-8.68
2011,9,1.16
2011,10,5.02
2011,11,3.74
2011,12,3.53
2012,1,6.76
2012,2,6.07
2012,3,4.74
2012,4,1.79
2012,5,-1.24
2012,6,0.79
2012,7,4.91
2012,8,5.36
2012,9,4.96
2012,10,1.7
2012,11,-0.88
2012,12,4.23
2013,1,6.3
2013,2,4.3
2013,3,4.67
2013,4,3.38
2013,5,6.5
2013,6,0.74
2013,7,5.16
2013,8,2.12
2013,9,3.08
2013,10,4.0
2013,11,5.72
2013,12,3.32
2014,1,2.76
2014,2,1.67
2014,3,4.55
2014,4,2.0
2014,5,3.35
2014,6,5.01
2014,7,3.27
2014,8,1.35
2014,9,3.58
2014,10,-0.86
2014,11,7.56
2014,12,2.4
2015,1,0.67
2015,2,4.65
2015,3,1.85
2015,4,2.69
2015,5,2.79
2015,6,1.38
2015,7,1.76
2015,8,-0.57
2015,9,-2.6
2015,10,6.34
2015,11,4.88
2015,12,0.81
2016,1,-4.48
2016,2,1.54
2016,3,8.48
2016,4,4.83
2016,5,1.65
2016,6,3.04
2016,7,5.26
2016,8,3.11
2016,9,1.46
2016,10,1.42
2016,11,3.15
2016,12,5.88
2017,1,3.31
2017,2,4.44
2017,3,3.57
2017,4,1.65
2017,5,3.52
2017,6,3.58
2017,7,2.78
2017,8,2.04
2017,9,3.45
2017,10,4.52
2017,11,3.34
2017,12,4.61
2018,1,6.56
2018,2,-1.25
2018,3,1.76
2018,4,0.04
2018,5,3.71
2018,6,3.84
2018,7,3.29
2018,8,4.15
2018,9,3.36
2018,10,-2.18
2018,11,-0.32
2018,12,-3.75
2019,1,3.67
2019,2,7.75
2019,3,3.78
2019,4,5.53
2019,5,0.23
2019,6,3.21
2019,7,5.62
2019,8,-1.39
2019,9,4.9
2019,10,1.78
2019,11,6.22
2019,12,4.19
2020,1,5.04
2020,2,1.78
2020,3,-17.25
2020,4,6.38
2020,5,7.87
2020,6,8.38
2020,7,5.23
2020,8,7.58
2020,9,0.96
2020,10,3.32
2020,11,5.52
2020,12,5.77
2021,1,4.24
2021,2,3.89
2021,3,2.18
2021,4,7.37
2021,5,2.04
2021,6,3.08
2021,7,4.33
2021,8,3.42
2021,9,1.14
2021,10,1.68
2021,11,5.98
2021,12,1.45
2022,1,-0.86
2022,2,-1.67
2022,3,0.39
2022,4,1.43
2022,5,-6.55
2022,6,-1.92
2022,7,1.98
2022,8,7.97
2022,9,-5.84
2022,10,-1.52
2022,11,6.92
2022,12,1.58
2023,1,2.96
2023,2,4.72
2023,3,-1.05
2023,4,5.58
2023,5,2.26
2023,6,6.46
2023,7,5.33
2023,8,0.41
2023,9,0.47
2023,10,-1.59
2023,11,6.1
2023,12,6.62
2024,1,4.29
2024,2,5.54
2024,3,4.58
2024,4,0.25
2024,5,3.8
2024,6,4.81
2024,7,3.61
2024,8,0.24
2024,9,3.95
2024,10,4.36
2024,11,3.66
2024,12,2.63
2025,1,0.73
2025,2,2.26
2025,3,-4.61
2025,4,-4.19
2025,5,9.65
2025,6,5.1
